{
	"partitions" : [
		{
			"name" : "Top",
			"pins" : [
				{
					"name" : "reg0[3]",
					"strict" : false
				},
				{
					"name" : "reg0[2]",
					"strict" : false
				},
				{
					"name" : "reg0[1]",
					"strict" : false
				},
				{
					"name" : "reg0[0]",
					"strict" : false
				},
				{
					"name" : "reg1[3]",
					"strict" : false
				},
				{
					"name" : "reg1[2]",
					"strict" : false
				},
				{
					"name" : "reg1[1]",
					"strict" : false
				},
				{
					"name" : "reg1[0]",
					"strict" : false
				},
				{
					"name" : "reg2[3]",
					"strict" : false
				},
				{
					"name" : "reg2[2]",
					"strict" : false
				},
				{
					"name" : "reg2[1]",
					"strict" : false
				},
				{
					"name" : "reg2[0]",
					"strict" : false
				},
				{
					"name" : "reg3[3]",
					"strict" : false
				},
				{
					"name" : "reg3[2]",
					"strict" : false
				},
				{
					"name" : "reg3[1]",
					"strict" : false
				},
				{
					"name" : "reg3[0]",
					"strict" : false
				},
				{
					"name" : "input[3]",
					"strict" : false
				},
				{
					"name" : "s1",
					"strict" : false
				},
				{
					"name" : "s0",
					"strict" : false
				},
				{
					"name" : "CLK",
					"strict" : false
				},
				{
					"name" : "reset_N",
					"strict" : false
				},
				{
					"name" : "EN",
					"strict" : false
				},
				{
					"name" : "input[2]",
					"strict" : false
				},
				{
					"name" : "input[1]",
					"strict" : false
				},
				{
					"name" : "input[0]",
					"strict" : false
				}
			]
		}
	]
}