{
	"partitions" : [
		{
			"name" : "Top",
			"pins" : [
				{
					"name" : "DATAP3",
					"strict" : false
				},
				{
					"name" : "DATAP2",
					"strict" : false
				},
				{
					"name" : "DATAP1",
					"strict" : false
				},
				{
					"name" : "DATAP0",
					"strict" : false
				},
				{
					"name" : "DATAQ3",
					"strict" : false
				},
				{
					"name" : "DATAQ2",
					"strict" : false
				},
				{
					"name" : "DATAQ1",
					"strict" : false
				},
				{
					"name" : "DATAQ0",
					"strict" : false
				},
				{
					"name" : "r3_3",
					"strict" : false
				},
				{
					"name" : "r3_2",
					"strict" : false
				},
				{
					"name" : "r3_1",
					"strict" : false
				},
				{
					"name" : "r3_0",
					"strict" : false
				},
				{
					"name" : "r2_3",
					"strict" : false
				},
				{
					"name" : "r2_2",
					"strict" : false
				},
				{
					"name" : "r2_1",
					"strict" : false
				},
				{
					"name" : "r2_0",
					"strict" : false
				},
				{
					"name" : "r1_3",
					"strict" : false
				},
				{
					"name" : "r1_2",
					"strict" : false
				},
				{
					"name" : "r1_1",
					"strict" : false
				},
				{
					"name" : "r1_0",
					"strict" : false
				},
				{
					"name" : "r0_3",
					"strict" : false
				},
				{
					"name" : "r0_2",
					"strict" : false
				},
				{
					"name" : "r0_1",
					"strict" : false
				},
				{
					"name" : "r0_0",
					"strict" : false
				},
				{
					"name" : "RP1",
					"strict" : false
				},
				{
					"name" : "RP0",
					"strict" : false
				},
				{
					"name" : "RQ1",
					"strict" : false
				},
				{
					"name" : "RQ0",
					"strict" : false
				},
				{
					"name" : "CLK",
					"strict" : false
				},
				{
					"name" : "LD_DATA[3]",
					"strict" : false
				},
				{
					"name" : "MUX0",
					"strict" : false
				},
				{
					"name" : "CLRN",
					"strict" : false
				},
				{
					"name" : "MUX1",
					"strict" : false
				},
				{
					"name" : "WA0",
					"strict" : false
				},
				{
					"name" : "WA1",
					"strict" : false
				},
				{
					"name" : "WR",
					"strict" : false
				},
				{
					"name" : "LD_DATA[2]",
					"strict" : false
				},
				{
					"name" : "LD_DATA[1]",
					"strict" : false
				},
				{
					"name" : "LD_DATA[0]",
					"strict" : false
				}
			]
		}
	]
}