{
	"partitions" : [
		{
			"name" : "Top",
			"pins" : [
				{
					"name" : "Underflow",
					"strict" : false
				},
				{
					"name" : "Overflow",
					"strict" : false
				},
				{
					"name" : "Mux1",
					"strict" : false
				},
				{
					"name" : "Mux0",
					"strict" : false
				},
				{
					"name" : "z2",
					"strict" : false
				},
				{
					"name" : "z1",
					"strict" : false
				},
				{
					"name" : "z0",
					"strict" : false
				},
				{
					"name" : "po",
					"strict" : false
				},
				{
					"name" : "s0",
					"strict" : false
				},
				{
					"name" : "addOrSub",
					"strict" : false
				},
				{
					"name" : "addOv",
					"strict" : false
				},
				{
					"name" : "cs1",
					"strict" : false
				},
				{
					"name" : "cs0",
					"strict" : false
				},
				{
					"name" : "s1",
					"strict" : false
				},
				{
					"name" : "cs2",
					"strict" : false
				},
				{
					"name" : "pu",
					"strict" : false
				},
				{
					"name" : "CLK",
					"strict" : false
				},
				{
					"name" : "Reset_n",
					"strict" : false
				}
			]
		}
	]
}