{
	"partitions" : [
		{
			"name" : "Top",
			"pins" : [
				{
					"name" : "state2",
					"strict" : false
				},
				{
					"name" : "state1",
					"strict" : false
				},
				{
					"name" : "state0",
					"strict" : false
				},
				{
					"name" : "under",
					"strict" : false
				},
				{
					"name" : "over",
					"strict" : false
				},
				{
					"name" : "m1",
					"strict" : false
				},
				{
					"name" : "m0",
					"strict" : false
				},
				{
					"name" : "CLKOUT",
					"strict" : false
				},
				{
					"name" : "S0",
					"strict" : false
				},
				{
					"name" : "S1",
					"strict" : false
				},
				{
					"name" : "reg3A",
					"strict" : false
				},
				{
					"name" : "reg3B",
					"strict" : false
				},
				{
					"name" : "reg3C",
					"strict" : false
				},
				{
					"name" : "reg3D",
					"strict" : false
				},
				{
					"name" : "reg3E",
					"strict" : false
				},
				{
					"name" : "reg3F",
					"strict" : false
				},
				{
					"name" : "reg3G",
					"strict" : false
				},
				{
					"name" : "reg2A",
					"strict" : false
				},
				{
					"name" : "reg2B",
					"strict" : false
				},
				{
					"name" : "reg2C",
					"strict" : false
				},
				{
					"name" : "reg2D",
					"strict" : false
				},
				{
					"name" : "reg2E",
					"strict" : false
				},
				{
					"name" : "reg2F",
					"strict" : false
				},
				{
					"name" : "reg2G",
					"strict" : false
				},
				{
					"name" : "reg1A",
					"strict" : false
				},
				{
					"name" : "reg1B",
					"strict" : false
				},
				{
					"name" : "reg1C",
					"strict" : false
				},
				{
					"name" : "reg1D",
					"strict" : false
				},
				{
					"name" : "reg1E",
					"strict" : false
				},
				{
					"name" : "reg1F",
					"strict" : false
				},
				{
					"name" : "reg1G",
					"strict" : false
				},
				{
					"name" : "reg0A",
					"strict" : false
				},
				{
					"name" : "reg0B",
					"strict" : false
				},
				{
					"name" : "reg0C",
					"strict" : false
				},
				{
					"name" : "reg0D",
					"strict" : false
				},
				{
					"name" : "reg0E",
					"strict" : false
				},
				{
					"name" : "reg0F",
					"strict" : false
				},
				{
					"name" : "reg0G",
					"strict" : false
				},
				{
					"name" : "OverflowActive",
					"strict" : false
				},
				{
					"name" : "BUSMUXOUTPUT",
					"strict" : false
				},
				{
					"name" : "testA",
					"strict" : false
				},
				{
					"name" : "testB",
					"strict" : false
				},
				{
					"name" : "testC",
					"strict" : false
				},
				{
					"name" : "testD",
					"strict" : false
				},
				{
					"name" : "testE",
					"strict" : false
				},
				{
					"name" : "testF",
					"strict" : false
				},
				{
					"name" : "testG",
					"strict" : false
				},
				{
					"name" : "mathOverflow",
					"strict" : false
				},
				{
					"name" : "pin_name1",
					"strict" : false
				},
				{
					"name" : "pin_name2",
					"strict" : false
				},
				{
					"name" : "pin_name3",
					"strict" : false
				},
				{
					"name" : "pin_name4",
					"strict" : false
				},
				{
					"name" : "pin_name5",
					"strict" : false
				},
				{
					"name" : "pin_name6",
					"strict" : false
				},
				{
					"name" : "pin_name7",
					"strict" : false
				},
				{
					"name" : "sub",
					"strict" : false
				},
				{
					"name" : "pushBit0",
					"strict" : false
				},
				{
					"name" : "pushBit1",
					"strict" : false
				},
				{
					"name" : "pushBit2",
					"strict" : false
				},
				{
					"name" : "pushBit3",
					"strict" : false
				},
				{
					"name" : "Reset_n",
					"strict" : false
				},
				{
					"name" : "add",
					"strict" : false
				},
				{
					"name" : "pop",
					"strict" : false
				},
				{
					"name" : "push",
					"strict" : false
				},
				{
					"name" : "CLK",
					"strict" : false
				}
			]
		}
	]
}