{
	"partitions" : [
		{
			"name" : "Top",
			"pins" : [
				{
					"name" : "z2",
					"strict" : false
				},
				{
					"name" : "z1",
					"strict" : false
				},
				{
					"name" : "z0",
					"strict" : false
				},
				{
					"name" : "mu0",
					"strict" : false
				},
				{
					"name" : "Ov",
					"strict" : false
				},
				{
					"name" : "y2",
					"strict" : false
				},
				{
					"name" : "y1",
					"strict" : false
				},
				{
					"name" : "pu",
					"strict" : false
				},
				{
					"name" : "y0",
					"strict" : false
				}
			]
		}
	]
}