{
	"partitions" : [
		{
			"name" : "Top",
			"pins" : [
				{
					"name" : "hx3ENABLE",
					"strict" : false
				},
				{
					"name" : "hx33",
					"strict" : false
				},
				{
					"name" : "hx31",
					"strict" : false
				},
				{
					"name" : "hx32",
					"strict" : false
				},
				{
					"name" : "hx30",
					"strict" : false
				},
				{
					"name" : "hx2ENABLE",
					"strict" : false
				},
				{
					"name" : "hx23",
					"strict" : false
				},
				{
					"name" : "hx21",
					"strict" : false
				},
				{
					"name" : "hx22",
					"strict" : false
				},
				{
					"name" : "hx20",
					"strict" : false
				},
				{
					"name" : "hx1ENABLE",
					"strict" : false
				},
				{
					"name" : "hx13",
					"strict" : false
				},
				{
					"name" : "hx03",
					"strict" : false
				},
				{
					"name" : "hx02",
					"strict" : false
				},
				{
					"name" : "hx01",
					"strict" : false
				},
				{
					"name" : "hx00",
					"strict" : false
				},
				{
					"name" : "hx11",
					"strict" : false
				},
				{
					"name" : "hx12",
					"strict" : false
				},
				{
					"name" : "hx10",
					"strict" : false
				},
				{
					"name" : "hx0ENABLE",
					"strict" : false
				},
				{
					"name" : "newValues[3]",
					"strict" : false
				},
				{
					"name" : "select0",
					"strict" : false
				},
				{
					"name" : "newValues[2]",
					"strict" : false
				},
				{
					"name" : "newValues[1]",
					"strict" : false
				},
				{
					"name" : "newValues[0]",
					"strict" : false
				},
				{
					"name" : "select1",
					"strict" : false
				},
				{
					"name" : "inputValuesBottom[3]",
					"strict" : false
				},
				{
					"name" : "inputValuesBottom[2]",
					"strict" : false
				},
				{
					"name" : "inputValuesBottom[1]",
					"strict" : false
				},
				{
					"name" : "inputValuesBottom[0]",
					"strict" : false
				}
			]
		}
	]
}