{
	"partitions" : [
		{
			"name" : "Top",
			"pins" : [
				{
					"name" : "F[0]",
					"strict" : false
				},
				{
					"name" : "F[1]",
					"strict" : false
				},
				{
					"name" : "F[2]",
					"strict" : false
				},
				{
					"name" : "F[3]",
					"strict" : false
				},
				{
					"name" : "w2[0]",
					"strict" : false
				},
				{
					"name" : "s1",
					"strict" : false
				},
				{
					"name" : "w1[0]",
					"strict" : false
				},
				{
					"name" : "s0",
					"strict" : false
				},
				{
					"name" : "w0[0]",
					"strict" : false
				},
				{
					"name" : "w3[0]",
					"strict" : false
				},
				{
					"name" : "w1[1]",
					"strict" : false
				},
				{
					"name" : "w2[1]",
					"strict" : false
				},
				{
					"name" : "w0[1]",
					"strict" : false
				},
				{
					"name" : "w3[1]",
					"strict" : false
				},
				{
					"name" : "w2[2]",
					"strict" : false
				},
				{
					"name" : "w1[2]",
					"strict" : false
				},
				{
					"name" : "w0[2]",
					"strict" : false
				},
				{
					"name" : "w3[2]",
					"strict" : false
				},
				{
					"name" : "w1[3]",
					"strict" : false
				},
				{
					"name" : "w2[3]",
					"strict" : false
				},
				{
					"name" : "w0[3]",
					"strict" : false
				},
				{
					"name" : "w3[3]",
					"strict" : false
				}
			]
		}
	]
}