{
	"partitions" : [
		{
			"name" : "Top",
			"pins" : [
				{
					"name" : "s1",
					"strict" : false
				},
				{
					"name" : "s0",
					"strict" : false
				},
				{
					"name" : "pop",
					"strict" : false
				},
				{
					"name" : "push",
					"strict" : false
				},
				{
					"name" : "addition",
					"strict" : false
				},
				{
					"name" : "subtraction",
					"strict" : false
				},
				{
					"name" : "po",
					"strict" : false
				},
				{
					"name" : "sub",
					"strict" : false
				},
				{
					"name" : "add",
					"strict" : false
				},
				{
					"name" : "pu",
					"strict" : false
				}
			]
		}
	]
}